Category,Headline,Owner agency,Date Promised,Status,Requires state action or cooperation,Targets,Short description,Description,SEO tags,Updates,Source Text,Source URL,Last updated,URL Slugs,Anthony ,Cha,Geli
Affordability,End Tax Lien Sale System,Mayor's Office,2025-02-03,Not started,No,Immediate end,Abolishes the tax lien sale system that sells homeowner debt to private investors.,"• The administration halts the tax lien sale on Day One, ending the sale of municipal tax debt to investor-backed private trusts.

• A new city-run tax collection system is established to give homeowners additional opportunities to enter into payment plans and pay down arrears.

• The administration works with the City Council to permanently abolish the tax lien sale system to keep homeowners in their homes.","tax lien sale, foreclosure prevention, debt collection, homeowners, finance",No updates yet,2025-05-16,,,,Okay,Okay,"no sources, instead dates got shifted to sources cell"
Affordability,Advocate for a State Mortgage Recording Tax Exemption,Mayor's Office,2025-02-03,Not started,Yes,No specific targets stated,Calls for a state exemption from the mortgage recording tax for certain first-time homebuyers.,"• The Mamdani administration would advocate for a mortgage recording tax exemption for low- and middle-income first-time homebuyers.

• The mortgage recording tax currently ranges from 50 cents to $1 per $100 of mortgage financing.

• Implementing the exemption would require changes to state law governing the mortgage recording tax.","mortgage tax, homeownership, tax exemption, first-time buyers, affordability",No updates yet,2025-05-16,,,,Okay,Okay,"no sources, instead dates got shifted to sources cell"
Affordability,Create City-Run Grocery Stores,Mayor's Office,2025-01-07,Not started,No,One in each borough,Launches a pilot program of city-run grocery stores aimed at lowering food prices.,"• As candidate, Mayor Mamdani said he would create a pilot network of city-owned grocery stores, with one location in each borough, to sell food at lower prices.

• He said the stores would operate with lower overhead by avoiding rent and property taxes, buying and selling at wholesale prices, and centralizing warehousing and distribution.

• In a CNN interview, Mamdani said the pilot would cost about $60 million and could be funded by redirecting existing city subsidies currently used to support private grocery operators.","public grocery, food security, affordability, pilot program, city-run",No updates yet,"""Platform""; ""Promise Tracked""",,2025-05-16,,Okay,Okay,Okay
Affordability,Ban Hidden and 'Junk' Fees,DCWP,2025-02-03,Not started,Yes,No specific targets stated,Prohibits hidden fees in consumer transactions through new legislation.,"• Mayor Mamdani said he would advocate for city and state legislation banning hidden “junk fees” that are not disclosed upfront to consumers.

• The proposal targets surprise charges added at checkout, including fees associated with tickets, apartment rentals, flights, and other consumer services.

• The plan includes expanding enforcement by the Department of Consumer and Worker Protection to police compliance and pricing transparency.","junk fees, consumer protection, transparency, dcwp, legislation",No updates yet,"""Anti-monopoly Platform""; ""Promise Tracked""",,2025-05-16,,Okay,Okay,Okay
Affordability,Fund $3 Million for Nonprofits Intervening in Con Edison and Other Utility Rate Cases,Mayor's Office,2025-02-03,Not started,No,$3 million cap,Creates a pilot program to fund nonprofit organizations that challenge utility rate cases.,"• The Mamdani administration would create a pilot program with a $3 million cap to fund nonprofit organizations that intervene in utility rate cases before state regulators.

• The program would support intervenors participating in proceedings at the State Public Service Commission, including cases involving Con Edison and other regulated utilities.

• The administration cites nonprofit intervenors as one of the few ways ratepayers can contest proposed utility rate increases.","utility rates, con ed, consumer advocacy, pilot program, funding",No updates yet,"""Anti-monopoly Platform""; ""Promise Tracked""",,2025-05-16,,Okay,Okay,Okay
Housing,Create the Office Of Deed Theft Prevention,Mayor's Office,2025-02-03,Not started,No,No specific targets stated,Establishes a dedicated office to investigate and prevent deed theft and property fraud.,"• Create a new Office of Deed Theft Prevention within the Mayor’s Office to focus on investigating and stopping deed theft and related property fraud.

• The commitment includes allocating $10 million to fund staffing, investigations, and prevention and outreach efforts.

• Resources would be directed toward neighborhoods with higher rates of fraudulent property transfers and homeowners at risk of losing their properties.","deed theft, fraud prevention, homeowners, equity, justice",No updates yet,"""Homeowner Policy Memo""; ""Promise Tracked""",,2025-05-16,,Okay,Okay,Okay
Affordability,Adjust Property Tax Assessments,Department of Finance,2025-02-03,Not started,Yes,No specific targets stated,Shifts property tax burdens by adjusting assessment percentages to favor outer-borough homeowners.,"• Adjust property tax assessment percentages to shift the burden from outer boroughs to wealthier neighborhoods. 

• The policy effectively lowers tax payments for homeowners in working-class areas while raising them for high-value properties. 

• The Mayor utilizes administrative power to push class assessment percentages down for specific groups.","property tax, tax reform, assessment, equity, homeowners",No updates yet,"""Homeowner Policy Memo""; ""Promise Tracked""",,2025-05-16,,Okay,Okay,Okay
Affordability,Advocate For Tax Circuit Breakers,Mayor's Office,2025-02-03,Not started,Yes,No specific targets stated,"Pushes for state ""circuit breaker"" legislation to cap property taxes based on income.","• Advocate for state “circuit breaker” legislation that limits property tax payments for eligible homeowners.

• Under a circuit breaker system, property tax bills would be capped at a set percentage of household income.

• The proposal focuses on protecting homeowners with fixed or limited incomes, including seniors and residents in rapidly changing neighborhoods.","property tax, circuit breaker, tax relief, low-income homeowners, albany",No updates yet,"""Homeowner Policy Memo""; ""Promise Tracked""",,2025-05-16,,Okay,"Minor: definition of circuit breaker (circuit breaker system, property tax bills would be capped at a set percentage of household income) did not come from the policy memo  ",Okay
Climate,Increase NYC Accelerator Investment,Mayor's Office,2025-02-03,Not started,No,No specific targets stated,Boosts funding for the NYC Accelerator to help buildings comply with Local Law 97.,"• Local Law 97 sets emissions limits for large buildings, but many homeowners and building boards struggle to navigate compliance requirements.

• The Mamdani administration wants to turn the NYC Accelerator into a “true one-stop shop” where building owners can get clear guidance on what the law requires and how to comply.

• The expanded Accelerator would centralize technical assistance, planning support, and compliance help so owners do not have to piece together information from multiple agencies or consultants.","local law 97, nyc accelerator, energy efficiency, climate compliance, buildings",No updates yet,2025-05-16,,,,Okay,Okay,Okay
Climate,Transform 50 Public Schools Into Community Resilience Hubs,"Mayor’s Office of Climate & Environmental Justice, Department of Education",2025-02-03,Not started,No,50 schools,"Converts 50 public schools into community resilience hubs equipped to support residents before, during, and after climate emergencies.","• The city would establish 50 resilience hubs in New York City public schools, prioritizing low-income communities of color with high exposure to extreme heat, flooding, and power outages.

• The hubs would provide cooling and heating, resilient backup power, internet access, medical supplies, and space for community services, while also operating year-round as centers for training, programming, and social connection.

• The 50 school-based hubs would add to the city’s existing network of 181 library cooling centers, 295 older adult centers, and 17 private facilities, expanding access to cooling centers that are open to New Yorkers of all ages.","resilience hubs, climate adaptation, emergency management, schools, mocej",No updates yet,"""Green Schools Memo""; ""Promise Tracked""",,2025-05-16,,Okay,Okay,Okay
Childcare,"Implement Universal, No-Cost Childcare for Children Ages Six Weeks to Five Years",Department of Education,2025-01-07,Not started,Yes,Ages 6 weeks to 5 years,"Establishes universal, no-cost childcare for all children aged six weeks to five years.","• As candidate, Mayor Zohran Mamdani said the city would provide universal, no-cost childcare for all children ages six weeks to five years, regardless of family income.

• The program would be administered through the city’s education and early childhood system, expanding access to childcare and early learning across neighborhoods.

• Mamdani framed universal childcare as a response to the high cost of living, particularly the role childcare costs play in pushing working families to leave the city.","universal childcare, early education, working families, affordability, doe",No updates yet,"""WNYC Interview""; ""Promise Tracked""",,2025-05-16,,Okay,Okay,How exactly will he implement universal childcare? add cost of 6bil per year? accdg to cnn: https://www.cnn.com/2025/12/30/politics/zohran-mamdani-nyc-mayor-policy-proposals
Childcare,Provide Baby Baskets to All New Families in New York City,Department of Health and Mental Hygiene,2025-01-07,Not started,No,Every new family,"Distributes free ""baby baskets"" with essential supplies to every new family in NYC.","• The city would provide every new family in New York City with a free baby basket containing essential supplies such as diapers, wipes, postpartum care items, and resource guides.

• The program is estimated to cost approximately $19 million annually, reflecting citywide distribution to all new families.

• The proposal builds on the Adams administration’s “NYC Baby Boxes” program, which distributes supply boxes at a limited number of public hospitals, and expands the concept into a universal, citywide benefit.","baby baskets, maternal health, newborns, family support, dohmh",No updates yet,"""WNYC Interview""; ""Promise Tracked""",,2025-05-16,,Okay,Okay,Okay
Education,Renovate 500 Public Schools With Clean Energy and Climate-Resilient Upgrades,School Construction Authority,2025-02-03,Not started,No,500 schools,Modernizes 500 public school buildings with clean energy systems and climate-resilient infrastructure upgrades.,"• The administration would renovate 500 public schools with clean energy and climate-resilient building upgrades.

• Planned improvements include renewable energy systems such as rooftop solar, along with upgrades to heating, ventilation, and air conditioning systems.

• The renovations are framed as a way to reduce energy use and emissions while improving indoor air quality and learning environments for students and staff.","green schools, solar, hvac, school renovation, sca",No updates yet,"""Green Schools Memo""; ""Promise Tracked""",,2025-05-16,,Okay,Okay,Okay
Education,Convert 500 Asphalt Schoolyards Into Green Community Spaces,School Construction Authority,2025-02-03,Not started,No,500 schoolyards,Transforms 500 asphalt schoolyards into green community spaces.,"• The Mamdani administration would convert 500 asphalt schoolyards into green spaces with trees, grass, gardens, and other natural features.

• The conversions are framed as a strategy to reduce extreme heat, manage stormwater, and improve environmental conditions around schools.

• When school is not in session, the green schoolyards would be open to the public and function as neighborhood parks and recreational spaces.","green schoolyards, parks, education, climate resilience, sca",No updates yet,"""Green Schools Memo""; ""Promise Tracked""",,2025-05-16,,Okay,Okay,Okay
Education,Enroll Every Public School in Open Streets,"Department of Transportation
",2025-02-03,Not started,No,Every public school,"Automatically enrolls every public school in the Open Streets program, which closes streets to car traffic during arrival and dismissal times.","• The city would automatically enroll every public school in the Open Streets for schools program, replacing the current system that requires schools to apply for participation.

• Open Streets temporarily close streets to most vehicle traffic during school drop-off and pick-up hours, creating safer, cleaner spaces for students, families, and school staff.

• The proposal would increase annual Open Streets funding from about $4 million to $20 million to provide operational support and programming so every school can maintain a car-free street during arrival and dismissal times.","open streets, schools, street safety, dot, pollution",No updates yet,"""Green Schools Memo""; ""Promise Tracked""",,2025-05-16,,Okay,Okay,Okay
Education,Launch the 'Community to Classroom' Teacher Recruitment Initiative,Department of Education,2025-02-03,Not started,No,No specific targets stated,Creates a citywide pipeline that provides tuition support and other benefits in exchange for a three-year teaching commitment in NYC public schools.,"• The initiative provides $12,000 per student per year for tuition, along with OMNY cards, certification exams, and mentorship from current NYC public school teachers.

• The program includes two pathways: an early college track for NYC high school students and a mid-career track for adults such as paraprofessionals and other school community members seeking certification.

• Participants will complete their required three-year teaching commitment in districts with the highest staffing needs, supported by $12 million to fund an annual cohort of 1,000 teachers.","teacher recruitment, education workforce, community to classroom, doe, certification",No updates yet,"""Recruiting World-Class Educators""; ""Promise Tracked""",,2025-05-16,,Okay,Okay,Okay
Education,Provide Teacher Tuition Support,DOE,2025-02-03,Not started,No,"$12,000 per year","Offers $12,000 annual tuition support for teaching degrees in exchange for service.","• Provide $12,000 annual tuition support for teaching degrees in exchange for service commitments. • Participants must commit to teaching in NYC public schools for three years. • Support includes free OMNY cards and mentorship.","tuition support, teacher training, scholarships, higher education, doe",No updates yet,"""Recruiting World-Class Educators""; ""Promise Tracked""",,2025-05-16,,,Okay,
Education,Fund Community To Classroom Launch,DOE,2025-02-03,Not started,No,$12 million,Allocates $12 million to launch the Community to Classroom teacher pipeline.,"• Allocate $12 million to launch the Community to Classroom program. • The initial funding supports an annual cohort of 1,000 new teachers. • Investment covers tuition subsidies and program administration.","education funding, teacher recruitment, budget, doe, workforce",No updates yet,"""Recruiting World-Class Educators""; ""Promise Tracked""",,2025-05-16,,,Okay,
Education,Raise Childcare Worker Wages to a Living Wage at Par with Public School Teachers,Department of Education,2025-01-07,Not started,No,Parity with teachers,Increases childcare worker wages to match those of public school teachers.,"• Mayor Mamdani committed to paying early childhood educators a living wage at par with Department of Education teachers.

• In a campaign video, Mamdani said increase is necessary to ensure that childcare workers can afford to remain in New York City while delivering universal childcare.

• The plan includes ensuring childcare providers receive timely and complete payment from the city so higher wages can be sustained.","childcare wages, pay parity, labor, early childhood, doe",No updates yet,"""Platform""; ""Promise Tracked""",,2025-05-16,,Okay,Okay,"change to ""childcare workers a living wage at par with Department of Education teachers.""?"
Education,Make CUNY Tuition Free,"CUNY, Mayor's Office",2025-01-07,Not started,Yes,No specific targets stated,Eliminates tuition for all students at the City University of New York.,"• Mayor Mamdani commits to making CUNY tuition free for all students, as it was for 130 years until it started charging tuition in 1976.

• The proposal calls for increased public investment in CUNY through cooperation with the city and the state, including pursuing the New Deal for CUNY.

• Funding tactics named in the plan include taxing large private universities such as NYU and Columbia to support tuition-free enrollment.","cuny, free college, higher education, tuition, affordability",No updates yet,"""Platform""; ""Promise Tracked""",,2025-05-16,,Okay,Okay,Okay
Education,Provide Free OMNY Cards To CUNY Students,City University of New York,2025-01-07,Not started,No,All CUNY students,Distributes free OMNY transit cards to all CUNY students.,"• The plan would provide free OMNY transit cards to every CUNY student, expanding access beyond existing programs that offer the benefit only to some students.

• The program is part of the Mamdani administration’s broader plan to increase public investment in CUNY.

• That investment package also includes making CUNY tuition-free for all students.","cuny, omny, free transit, students, mta",No updates yet,"""Platform""; ""Promise Tracked""",,2025-05-16,,Okay,Okay,Okay
Education,Ensure LGBTQIA+ Liaisons In Schools,DOE,2025-02-03,Not started,No,One per district,Mandates at least one LGBTQIA+ liaison in every Department of Education district.,• Ensure every Department of Education district has at least one LGBTQIA+ liaison. • Liaisons support students and ensure schools follow inclusivity guidelines. • The policy expands the current insufficient number of liaisons.,"lgbtqia+, schools, liaisons, doe, student support,No updates yet",No updates yet,"""LGBTQIA+ Memo""; ""Promise Tracked""",,2025-05-16,,,Okay,Okay
Governance,Ban NDAs In EDC Contracts,EDC,2025-02-03,Not started,No,No specific targets stated,Prohibits non-disclosure agreements in contracts awarded by the Economic Development Corporation.,• Direct the NYC Economic Development Corporation to ban non-disclosure agreements in future contracts. • The policy ensures public transparency regarding corporate subsidies and deals. • It eliminates secrecy in how public economic development funds are used.,"nda, transparency, edc, contracts, governance",No updates yet,"""Anti-monopoly Platform""; ""Promise Tracked""",,2025-05-16,,,Okay,Okay
Governance,Hire 200 Law Department Attorneys,Law Department,2025-02-03,Not started,No,200 attorneys,Hires 200 additional attorneys for the NYC Law Department to restore capacity.,• Hire 200 additional attorneys for the NYC Law Department. • Staffing increase aims to restore the department to pre-pandemic levels. • A stronger legal team supports enforcement of city laws and defense against federal overreach.,"law department, attorneys, staffing, legal defense, governance",No updates yet,"""Trump-Proofing Memo""; ""Promise Tracked""",,2025-05-16,,,Okay,Okay
Governance,Survey Data Privacy Risks,OIP,2025-02-03,Not started,No,Day One survey,Conducts a citywide survey to identify and protect sensitive data from federal access.,• Survey all city systems to identify where sensitive data requires protection. • The review aims to prevent information sharing with federal immigration authorities. • Steps may include shredding documents or encrypting databases.,"data privacy, sanctuary city, cybersecurity, immigration protection, oip",No updates yet,"""Trump-Proofing Memo""; ""Promise Tracked""",,2025-05-16,,,Okay,Okay
Healthcare,Establish Community Mental Health Navigators,DCS,2025-02-03,Not started,No,No specific targets stated,Launches a program of navigators to connect residents to mental health care.,"• Establish a citywide Community Mental Health Navigators program. • Navigators operate in every neighborhood to provide education and referrals. • The program offers a preventative, community-based entry point to care.","mental health, navigators, healthcare access, community safety, dcs",No updates yet,"""Community Safety Report""; ""Promise Tracked""",,2025-05-16,,,Okay,Okay
Healthcare,Create Peer Clubhouses,DOHMH,2025-02-03,Not started,No,No specific targets stated,Expands the network of Peer Clubhouses for people with serious mental illness.,• Establish additional Peer Clubhouses. • Clubhouses provide peer-led support and community for recovery. • The policy reverses restrictions that prevent smaller programs from receiving funding.,"peer clubhouses, mental health, recovery, community support, dohmh",No updates yet,"""Community Safety Report""; ""Promise Tracked""",,2025-05-16,,,Okay,Okay
Healthcare,Triple Mobile Crisis Teams,DOHMH,2025-02-03,Not started,No,Triple size,Triples the capacity of Mobile Crisis Teams to provide 24/7 service.,• Triple the size of the Mobile Crisis Team program. • Expansion ensures round-the-clock availability for mental health crises. • Investment includes improved salaries for team members.,"mobile crisis teams, mental health, 24/7 service, dohmh, crisis response",No updates yet,"""Community Safety Report""; ""Promise Tracked""",,2025-05-16,,,Okay,Okay
Healthcare,Open Four Crisis Residences,DOHMH,2025-02-03,Not started,No,4 centers in year one,Opens four new Crisis Residences in the first year to support mental health stabilization.,• Open four new Crisis Residences in the first year. • Residences provide a short-term place for people in crisis to stabilize. • Facilities offer an alternative to hospitalization or jail.,"crisis residences, mental health, respite centers, dohmh, stabilization",No updates yet,"""Community Safety Report""; ""Promise Tracked""",,2025-05-16,,,Okay,Okay
Healthcare,Increase Ending The Epidemic Funding,DOHMH,2025-02-03,Not started,No,$10 million funding,Increases funding for the Ending the Epidemic HIV/AIDS initiative to $10 million.,• Increase funding for the Ending the Epidemic initiative to $10 million. • Funds target Black and Brown-led organizations. • The boost supports prevention and treatment efforts.,"ending the epidemic, hiv/aids, healthcare, funding, dohmh",No updates yet,"""LGBTQIA+ Memo""; ""Promise Tracked""",,2025-05-16,,,Okay,Okay
Healthcare,Increase LGBTQIA+ Mental Health Funding,DOHMH,2025-02-03,Not started,No,$20 million increase,Adds $20 million to funding for LGBTQIA+ mental health providers.,• Increase funding for LGBTQIA+ mental health providers by $20 million. • Investment aims to reduce waitlists for affirming care. • Resources support staffing and service expansion.,"mental health, lgbtqia+, funding, healthcare, dohmh",No updates yet,"""LGBTQIA+ Memo""; ""Promise Tracked""",,2025-05-16,,,Okay,Okay
Healthcare,Enforce Crisis Pregnancy Center Rules,DCWP,2025-02-03,Not started,No,No specific targets stated,Enforces laws requiring Crisis Pregnancy Centers to disclose lack of medical licensure.,• Enforce Local Law 17 regarding Crisis Pregnancy Center disclosures. • The enforcement ensures centers do not mislead patients about medical services. • Protecting patients from deceptive practices supports reproductive rights.,"reproductive rights, crisis pregnancy centers, consumer protection, dcwp, enforcement",No updates yet,"""Trump-Proofing Memo""; ""Promise Tracked""",,2025-05-16,,,Okay,Okay
Healthcare,Double Abortion Access Hub Funding,DOHMH,2025-02-03,Not started,No,$2 million funding,Doubles funding for the Abortion Access Hub to $2 million.,• Double funding for the Abortion Access Hub to $2 million. • The hub connects patients to abortion providers and financial assistance. • Increased funding supports access for both residents and people traveling to NYC.,"abortion access, healthcare, funding, reproductive rights, dohmh",No updates yet,"""Trump-Proofing Memo""; ""Promise Tracked""",,2025-05-16,,,Okay,Okay
Healthcare,Double Abortion Access Fund Support,DOHMH,2025-02-03,Not started,No,Double funding,Doubles city funding for the New York Abortion Access Fund.,• Double funding for the New York Abortion Access Fund. • The fund directly pays for abortion care for those who cannot afford it. • Financial support ensures economic barriers do not prevent medical access.,"abortion fund, funding, reproductive justice, healthcare, access",No updates yet,"""Trump-Proofing Memo""; ""Promise Tracked""",,2025-05-16,,,Okay,Okay
Housing,Create a Tangled Title Fund,"Department of Housing Preservation and Development
",2025-02-03,Not started,No,$10 million fund,Establishes a $10 million fund to help homeowners clear legal issues with property titles.,"• Create a Tangled Title Fund to assist homeowners facing legal barriers tied to unclear or disputed property titles.

• The fund would support efforts to resolve inheritance, estate, and probate complications that prevent families from securing clear ownership of their homes.

• The policy notes that tangled title issues disproportionately affect homeowners in Black and brown communities, where informal property transfers are more common and increase the risk of displacement or fraud.","tangled title, homeownership, legal aid, estate planning, equity",No updates yet,"""Homeowner Policy Memo""; ""Promise Tracked""",,2025-05-16,,Okay,Okay,Okay
Housing,Freeze Rents For Stabilized Tenants,Rent Guidelines Board,2025-02-03,Not started,No,Immediate,Freeze rents for more than two million New Yorkers living in rent-stabilized apartments.,"• Mayor Mamdani promised to immediately freeze rents for all rent-stabilized tenants.

• Mamdani has the authority to appoint members of the Rent Guidelines Board, who could vote for a rent freeze rather than approve an annual rent increase.

• Under Mayor Eric Adams, Rent Guidelines Board appointees voted to increase rents on stabilized apartments by a cumulative 12.6 percent.","housing, rent freeze, rent stabilization, tenants, affordability",No updates yet,"""Housing By and For New York""; ""Promise Tracked""",,2025-05-16,,Okay,Okay,Okay
Housing,"Construct 200,000 Affordable Homes","Department of Housing Preservation and Development, New York City Housing Authority, Department of City Planning
",2025-02-03,Not started,No,"200,000 homes over 10 years","Construct 200,000 new units of publicly subsidized affordable housing over ten years.","• The city targets construction of 200,000 new units of publicly subsidized, affordable housing over ten years.

• Any 100 percent affordable housing development would be fast-tracked through the city’s land use review process.

• The housing would be built using union labor and consist of permanently affordable, rent-stabilized homes.","affordable housing, construction, union jobs, housing supply, hpd",No updates yet,"""Housing By and For New York""; ""Promise Tracked""",,2025-05-16,,Okay,Okay,Okay
Housing,Allocate $70 Billion To Housing Capital Plan,"Office of Management and Budget
",2025-02-03,Not started,Yes,$70 billion new capital funds,Increase the City’s housing capital budget by adding $70 billion in new funding to the Ten-Year Capital Plan.,"• The city proposes adding $70 billion in new capital funds to the Ten-Year Capital Plan to support affordable housing production.

• The proposal would bring total planned housing capital investment to $100 billion over ten years.

• The funding would be raised through municipal bonds and requires state approval to increase the city’s debt limit.","capital plan, municipal bonds, housing finance, affordable housing, budget",No updates yet,"""Housing By and For New York""; ""Promise Tracked""",,2025-05-16,,Okay,Okay,Okay
Housing,Double NYCHA Capital Investment,"New York City Housing Authority, Mayor's Office
",2025-02-03,Not started,No,Double current investment,Increase capital funding for major renovations in New York City public housing.,"• Mayor Mamdani committed to doubling its capital investment in major renovations for NYCHA public housing developments.

• The additional funding would be used for large-scale repairs to aging buildings and core infrastructure across the public housing system.

• The plan also includes activating underutilized NYCHA storage areas and parking lots for new affordable housing development.","nycha, public housing, renovations, capital investment, housing repairs",No updates yet,"""Housing By and For New York""; ""Promise Tracked""",,2025-05-16,,Okay,Okay,Okay
Housing,Initiate Comprehensive City Plan,DCP,2025-02-03,Not started,No,No specific targets stated,Launches a comprehensive citywide planning process to guide housing growth and development.,"• Mamdani’s team has said that the city has lacked a comprehensive guiding plan for housing development and has relied on fragmented zoning decisions.

• The administration will initiate a Comprehensive City Plan to guide housing development across all five boroughs.

• The proposal frames the planning process as a way to address racially discriminatory zoning legacies and integrate housing decisions with transit and education needs.","comprehensive plan, zoning, urban planning, housing development, dcp",No updates yet,"""Housing By and For New York""; ""Promise Tracked""",,2025-05-16,,Okay,Okay,Okay
Housing,Eliminate Parking Minimums,DCP,2025-02-03,Not started,No,No specific targets stated,Removes requirements for developers to build parking spots in new housing developments.,"• The proposal calls for eliminating parking minimum requirements for new housing developments citywide.

• Parking minimums are zoning rules that require developers to build a set amount of off-street parking as part of new housing projects.

• In an interview, Mamdani said his housing plan includes fully eliminating the parking mandate, arguing that current zoning dedicates excessive public space to parking despite most New Yorkers walking, biking, or using transit.","parking minimums, zoning, housing density, urban planning, transit",No updates yet,"""Housing By and For New York""; Decision 2025: Mayoral Hopefuls Discuss the High Cost of ‘Free’ Parking
",,2025-05-16,,Okay,Okay,Okay
Housing,Advocate For Universal Rent Stabilization,Mayor's Office,2025-02-03,Not started,Yes,No specific targets stated,Pushes for state legislation to apply rent stabilization rules to all new housing production.,"• Mayor Mamdani commits to advocating for state legislation that would apply rent stabilization rules to all newly constructed housing in New York City.

• Rent stabilization currently applies only to certain buildings, and the proposal would extend regulated lease protections beyond existing programs such as Mandatory Inclusionary Housing.

• Mamdani’s policy proposal frames universal rent stabilization as a way to ensure new housing provides stable, regulated leases rather than market-rate tenancy.","rent stabilization, albany, housing policy, tenant protections, state legislation",No updates yet,"""Housing By and For New York""; ""Promise Tracked""",,2025-05-16,,Okay,Okay,Okay
Housing,Rebuild Office To Protect Tenants,Mayor's Office to Protect Tenants,2025-02-03,Not started,No,No specific targets stated,Restore the city office responsible for tenant advocacy and enforcement after funding cuts under the previous administration.,"• Mayor Mamdani committed to rebuilding the Mayor’s Office to Protect Tenants.

• The office would function as a central coordinating body for tenant advocacy and enforcement actions against landlords.

• The proposal describes the move as reversing prior reductions in funding and institutional priority for tenant protection.","tenant protection, code enforcement, city hall, tenant rights, mopt",No updates yet,"""Protecting New York Tenants""; ""Promise Tracked""",,2025-05-16,,Okay,Okay,Okay
Housing,Streamline Housing Code Enforcement,Mayor's Office to Protect Tenants,2025-02-03,Not started,No,No specific targets stated,Centralizes housing code enforcement from multiple agencies under one coordinated roof.,"• Mayor Mamdani commits to coordinating housing code enforcement agencies through the Mayor’s Office to Protect Tenants.

• Enforcement functions from HPD, DOB, FDNY, DEP, and DOH would be brought together under a single coordinating structure within that office.

• The coordination would cover inspections, data sharing, and enforcement actions against repeat housing code violators.","code enforcement, hpd, dob, housing violations, inspections",No updates yet,"""Protecting New York Tenants""; ""Promise Tracked""",,2025-05-16,,Okay,Okay,Okay
Housing,Modernize 311 For Tenants,"OTI, HPD",2025-02-03,Not started,No,No specific targets stated,Upgrade the 311 and launch a website to allow tenants to schedule inspections and track housing violation status,"• A new 311 website portal would allow tenants to schedule housing inspections online.

• Through the portal, tenants could track violation status, receive text reminders for appointments, and view case updates in one place.

• The change responds to gaps in the current system, where inspection scheduling and follow-up lack transparency and predictability.","311, housing inspections, tenant services, technology, code enforcement",No updates yet,"""Protecting New York Tenants""; ""Promise Tracked""",,2025-05-16,,Okay,Okay,Okay
Housing,Increase Fines for Dangerous Living Conditions,Mayor's Office to Protect Tenants,2025-02-03,Not started,No,Double current fines,Raises financial penalties on landlords for hazardous and immediately hazardous housing violations.,"• The policy calls for doubling fines for hazardous housing violations, including cracks in walls, broken windows, water damage, roaches, and defective locks.

• It also includes tripling fines for immediately hazardous violations, such as vermin infestations, lack of heat or hot water, and lead paint hazards.

• The policy includes ensuring fines are collected, with the goal of recovering at least $800 million currently owed and generating additional revenue each year.","housing fines, violations, landlords, tenant safety, hpd",No updates yet,"""Protecting New York Tenants""; ""Promise Tracked""",,2025-05-16,,Okay,Okay,Okay
Housing,Install Heat Sensors In Buildings,Mayor’s Office to Protect Tenants,2025-02-03,Not started,No,78 degrees F maximum,Classifies failure to maintain indoor temperatures below 78 degrees as a violation.,"• Heat sensors would be installed in residential buildings with repeated heat-related violations to monitor indoor conditions and support enforcement during extreme heat events.

• The Housing Maintenance Code would be updated to classify failure to maintain indoor temperatures below 78 degrees Fahrenheit as a Class C violation when outdoor temperatures reach 82 degrees or higher.

• The update is intended to strengthen enforcement against landlords who fail to maintain safe indoor temperatures as extreme heat becomes more frequent.","extreme heat, housing code, tenant safety, climate adaptation, cooling",No updates yet,"""Protecting New York Tenants""; ""Promise Tracked""",,2025-05-16,,Okay,Okay,Okay
Housing,Double Alternative Enforcement Program,"Department of Housing Preservation and Development
",2025-02-03,Not started,No,Double program size,Expand city enforcement against repeat-offending landlords by scaling up oversight of the most distressed residential buildings.,"• Mayor Mamdani will double the size of the Alternative Enforcement Program, which places severely distressed apartment buildings under heightened city oversight for chronic housing code violations.

• Buildings in the program are subject to frequent inspections, mandatory repairs, and direct city intervention when owners fail to correct hazardous and immediately hazardous conditions.

• The proposal includes expanding the Office of Special Enforcement, which investigates repeat-offending landlords and supports stronger penalties and accountability measures.","alternative enforcement program, distressed housing, landlords, hpd, repairs",No updates yet,"""Protecting New York Tenants""; ""Promise Tracked""",,2025-05-16,,Okay,Okay,Okay
Housing,Restore Funding for Anti-Harassment Tenant Protection Program,"Department of Housing Preservation and Development
",2025-02-03,Not started,No,Restore $25 million cut,Restores funding for legal support that allows tenants to bring harassment cases against landlords.,"• Mayor Mamdani will restore funding to the Anti-Harassment Tenant Protection program, which supports tenants facing harassment or intimidation by their landlords.

• The program provides legal assistance to at-risk tenants pursuing affirmative cases, allowing them to seek relief without fear of retaliation or abuse.

• The restoration reverses $25 million in funding cuts made to the program over the previous three years under Mayor Eric Adams.","tenant harassment, legal services, anti-harassment, hpd, funding",No updates yet,"""Protecting New York Tenants""; ""Promise Tracked""",,2025-05-16,,Okay,Okay,Okay
Housing,Fully Fund Neighborhood Pillars,"Department of Housing Preservation and Development
",2025-02-03,Not started,No,Preserve 20000 homes,Fully funds the Neighborhood Pillars program to acquire and preserve distressed housing.,"• Fully fund the Neighborhood Pillars program with $1 billion in city capital funding.

• The program finances nonprofit acquisition of distressed rental housing to keep homes permanently affordable.

• The plan targets preserving up to 20,000 homes over ten years, restoring capacity reduced by earlier cuts to housing preservation funding.","neighborhood pillars, affordable housing preservation, non-profit housing, hpd, acquisition",No updates yet,"""Protecting New York Tenants""; ""Promise Tracked""",,2025-05-16,,Okay,Okay,
Housing,Perform Repairs And Bill Landlords,"Department of Housing Preservation and Development
",2025-02-03,Not started,No,No specific targets stated,Uses the city's emergency repair powers to fix hazards directly and bill the costs to landlords.,"• The city would step in to repair hazardous housing conditions when landlords refuse to make required fixes.

• The program relies on emergency repair powers to address serious housing code violations after owners fail to comply.

• Costs for the work would be billed to landlords, shifting the financial burden away from tenants.","emergency repairs, landlord accountability, housing maintenance, hpd, tenant safety",No updates yet,"""Protecting New York Tenants""; ""Promise Tracked""",,2025-05-16,,Okay,Okay,Okay
Housing,Advocate to Repeal Real Property Tax Law Section 581,Mayor's Office,2025-02-03,Not started,Yes,No specific targets stated,Pushes for state legislation to repeal a tax provision governing how condominiums and cooperatives are assessed.,"• Advocate for state action to repeal Real Property Tax Law Section 581, which requires residential cooperatives and condominiums to be assessed using the income-based method applied to rental buildings.

• Under current law, assessments for condos and co-ops rely on comparable rental income rather than individual unit market values, shaping how these properties are taxed.

• Repeal would require approval by the State Legislature, as assessment rules for these property types are set in state law rather than by the city.","property tax, section 581, condos, co-ops, tax reform",No updates yet,"""Homeowner Policy Memo""; ""Promise Tracked""",,2025-05-16,,Okay,Okay,Okay
Housing,"Extend and Reform J-51 Tax Abatement
",Mayor's Office,2025-02-03,Not started,Yes,Extend to 2035,Seek to extend the J-51 tax abatement program and reduce barriers that limit participation.,"• Advocate for extending the J-51 tax abatement program through 2035, allowing landlords to continue accessing tax relief tied to building repairs and capital improvements.

• The proposal also calls for reducing application fees and administrative hurdles that discourage smaller property owners from participating in the program.

• J-51 is framed as a tool to support ongoing building maintenance and repairs, with the extension requiring approval by the State Legislature.","j-51, tax abatement, housing repairs, incentives, albany",No updates yet,"""Homeowner Policy Memo""; ""Promise Tracked""",,2025-05-16,,Okay,Okay,Okay
Housing,Pass Community Opportunity to Purchase Act (COPA),City Council,2025-02-03,Not started,No,No specific targets stated,Legislates a right for qualified nonprofits to purchase residential buildings when landlords put them up for sale.,"• The Mamdani administration will work with the City Council to pass the Community Opportunity to Purchase Act, which applies when landlords sell residential multifamily buildings.

• Under COPA, qualified nonprofit buyers are given time to assemble an offer and the ability to match a third-party bid before a sale is finalized.

• The policy is described as being modeled on similar successful legislation in Washington, D.C., and San Francisco.","copa, community land trusts, housing acquisition, anti-displacement, legislation",No updates yet,2025-05-16,,,,Okay,Okay,"no sources, instead dates got shifted to sources cell"
Housing,Advocate For Tenant Opportunity to Purchase Act,Mayor's Office,2025-02-03,Not started,Yes,No specific targets stated,Supports state legislation giving tenants the right to purchase their buildings.,"• Advocate for passage of the Tenant Opportunity to Purchase Act (TOPA) at the state level.

• The bill would give tenants the right to collectively purchase their buildings when landlords sell.

• The mayor would work with the state on how TOPA would be implemented in New York City if enacted.","topa, tenant rights, homeownership, albany, housing policy",No updates yet,2025-05-16,,,,Okay,Okay,"no sources, instead dates got shifted to sources cell"
Housing,Provide City-Backed Loans For Co-ops,HPD,2025-02-03,Not started,No,No specific targets stated,Creates affordable loan products for co-ops to fund capital repairs.,"• The administration would provide cooperative housing buildings with access to City-backed loans for capital repairs and building upgrades.

• The financing would focus on Housing Development Fund Corporation co-ops, which are limited-equity cooperatives serving low- and moderate-income residents, and Mitchell-Lama co-ops, a state–city housing program created to provide affordable housing through regulated cooperatives and rentals.

• The loans are described as a way to help co-ops address rising maintenance costs and assessments without displacing existing shareholders. ","co-ops, hdfc, loans, housing repairs, affordability",No updates yet,2025-05-16,,,,Okay,Okay,"no sources, instead dates got shifted to sources cell"
Housing,Pass Community Land Act,City Council,2025-02-03,Not started,No,No specific targets stated,Enacts a legislative package to prioritize community land trusts for public land.,"• The administration would work with the City Council to pass the Community Land Act, which would prioritize Community Land Trusts when city-owned land is sold.

• Community Land Trusts are nonprofit organizations that own land to keep housing affordable and under community control.

• The proposed legislation would expand the number of properties available to Community Land Trusts, building on the more than 20 CLTs that already operate across New York City.","community land trusts, public land, housing policy, legislation, clt",No updates yet,2025-05-16,,,,Okay,Okay,"no sources, instead dates got shifted to sources cell"
Housing,Increase Funding for the Citywide Community Land Trust Initiative,City Council,2025-02-03,Not started,No,$6 million annually,Allocates matching funds to raise the Citywide CLT Initiative budget to $6 million.,"• The administration would provide matching funds for the City Council’s Citywide Community Land Trust Initiative, increasing total funding to $6 million annually.

Community Land Trusts are nonprofit organizations that hold land to support long-term affordability and community control of housing, with more than 20 operating across New York City.

• The funding proposal supports other community land trust policies, including plans to pass the Community Land Act governing the sale of city-owned land.","clt, funding, community land trusts, budget, housing",No updates yet,2025-05-16,,,,Okay,Okay,"no sources, instead dates got shifted to sources cell"
Housing,Seed a $35 Million Community Land Trust Acquisition Fund,New York City Department of Housing Preservation and Development,2025-02-03,Not started,No,$35 million fund,Creates a fund to provide Community Land Trusts with capital to acquire and rehabilitate property.,"• The administration would seed a $35 million Community Land Trust Acquisition and Rehabilitation Fund.

• The fund would provide Community Land Trusts with capital to acquire and rehabilitate properties.

• The financing would leverage partnerships with community lenders and philanthropic foundations.","clt, acquisition fund, housing finance, community ownership, hpd",No updates yet,2025-05-16,,,,Okay,Okay,"no sources, instead dates got shifted to sources cell"
Immigration,Remove ICE From City Facilities,Mayor's Office,2025-02-03,Not started,No,Immediate,Expels ICE agents from all City facilities and ends cooperation with federal enforcement.,• Remove ICE agents from all City facilities and end cooperation. • The policy prohibits ICE presence on Rikers Island and other city properties. • It strictly enforces sanctuary laws preventing resource sharing with immigration authorities.,"ice, sanctuary city, immigration, rikers, deportation defense",No updates yet,"""Trump-Proofing Memo""; ""Promise Tracked""",,2025-05-16,,,Okay,Okay
Immigration,Invest In Immigration Legal Defense,MOIA,2025-02-03,Not started,No,$165 million total,Invests $165 million total in immigration legal defense services.,• Invest $165 million in immigration legal defense services. • Funding supports representation for immigrants facing deportation. • The investment ensures due process for vulnerable New Yorkers.,"legal defense, immigration, funding, moia, counsel",No updates yet,"""Trump-Proofing Memo""; ""Promise Tracked""",,2025-05-16,,,Okay,Okay
Immigration,Fund Rapid Response Legal Collaborative,MOIA,2025-02-03,Not started,No,$25 million funding,Increases funding for the Rapid Response Legal Collaborative to $25 million.,• Increase funding for the Rapid Response Legal Collaborative to $25 million. • The collaborative provides immediate counsel for detained immigrants. • Increased resources address the high volume of deportation cases.,"rapid response, legal aid, immigration, funding, detention",No updates yet,"""Trump-Proofing Memo""; ""Promise Tracked""",,2025-05-16,,,Okay,Okay
Immigration,Fund Immigrant Family Unit Program,MOIA,2025-02-03,Not started,No,$30 million funding,Increases funding for the New York Immigrant Family Unit Program to $30 million.,• Increase funding for the New York Immigrant Family Unit Program to $30 million. • The program offers public defender-style representation for detained immigrants. • Funding boosts capacity to keep families together.,"nyifup, legal aid, immigration, funding, family unity",No updates yet,"""Trump-Proofing Memo""; ""Promise Tracked""",,2025-05-16,,,Okay,Okay
Immigration,Fund Immigrant Opportunity Initiative,MOIA,2025-02-03,Not started,No,$40 million funding,Increases funding for the Immigrant Opportunity Initiative to $40 million.,• Increase funding for the Immigrant Opportunity Initiative to $40 million. • The initiative assists with legal services for citizenship and residency applications. • Expanded funding helps more New Yorkers secure permanent status.,"immigrant opportunity initiative, legal services, funding, naturalization, moia",No updates yet,"""Trump-Proofing Memo""; ""Promise Tracked""",,2025-05-16,,,Okay,Okay
Labor,"Create 15,000 Union Jobs",Mayor's Office,2025-02-03,Not started,No,"15,000 jobs annually","Generates 15,000 union jobs annually through green school renovation projects.","• Create 15,000 union jobs annually through green school projects. • Jobs focus on construction, maintenance, and renewable energy installation. • Positions are covered by Project Labor Agreements to ensure fair wages.","union jobs, green economy, school construction, workforce, labor",No updates yet,"""Green Schools Memo""; ""Promise Tracked""",,2025-05-16,,,Okay,Okay
Labor,Raise Minimum Wage To $30,"City Council, Mayor's Office",2025-02-13,Not started,Yes,$30 per hour by 2030,Raises the NYC minimum wage to $30 per hour by 2030 through local legislation.,"• Raise the New York City minimum wage to $30 per hour by 2030. • The plan phases in increases: $20 in 2027, $23.50 in 2028, $27 in 2029, and $30 in 2030. • Wages will be indexed to inflation or productivity starting in 2031.","minimum wage, labor, $30 by 30, wages, city council",No updates yet,"""City & State Article""; ""Promise Tracked""",,2025-05-16,,,Okay,Okay
Labor,Establish Delivery Advocacy Board,DCWP,2025-02-03,Not started,No,No specific targets stated,Forms a board to study the delivery industry and advise on worker protections.,• Establish a Delivery Advocacy Board. • The board advises the City Council and DCWP on issues affecting delivery workers and restaurants. • It proposes industry standards and labor protections.,"delivery workers, labor board, advocacy, gig economy, dcwp",No updates yet,"""Delivery Apps Memo""; ""Promise Tracked""",,2025-05-16,,,Okay,Okay
Labor,Strengthen Delivery App Licensing,DCWP,2025-02-03,Not started,No,No specific targets stated,Expands licensing requirements for third-party delivery apps to protect workers.,• Strengthen licensing requirements for third-party delivery apps. • New rules mandate fair pay transparency and protection against unfair deactivation. • Licensing conditions require data protection and safety equipment provision.,"delivery apps, licensing, labor rights, gig workers, dcwp",No updates yet,"""Delivery Apps Memo""; ""Promise Tracked""",,2025-05-16,,,Okay,Okay
Labor,Ban Non-Compete Clauses,City Council,2025-02-03,Not started,No,No specific targets stated,Passes legislation prohibiting employers from requiring non-compete agreements.,• Pass a bill prohibiting employers from requiring non-compete clauses. • The legislation prevents companies from restricting workers' future employment options. • The ban applies to all workers to improve mobility and wages.,"non-compete, labor rights, worker mobility, city council, legislation",No updates yet,"""Anti-monopoly Platform""; ""Promise Tracked""",,2025-05-16,,,Okay,Okay
Labor,Double DCWP Budget,DCWP,2025-02-03,Not started,No,Double budget,Doubles the budget of the Department of Consumer and Worker Protection.,• Double the budget of the Department of Consumer and Worker Protection. • Increased funding supports expanded enforcement of labor and consumer laws. • Resources allow for more staff to investigate wage theft and fraud.,"dcwp, budget, labor enforcement, consumer protection, funding",No updates yet,"""Anti-monopoly Platform""; ""Promise Tracked""",,2025-05-16,,,Okay,Okay
LGBTQIA+,Invest in Gender-Affirming Care,H+H,2025-02-03,Not started,No,$65 million,Invests $65 million in public providers to expand gender-affirming care access.,• Invest $65 million in public providers for gender-affirming care. • Funds go to NYC Health + Hospitals and community clinics. • Investment ensures access to care for trans youth and adults regardless of federal policy.,"gender-affirming care, healthcare, lgbtqia+, funding, h+h",No updates yet,"""LGBTQIA+ Memo""; ""Promise Tracked""",,2025-05-16,,,Okay,What is H+H?
LGBTQIA+,Declare NYC LGBTQIA+ Sanctuary,Mayor's Office,2025-02-03,Not started,No,No specific targets stated,Formally declares New York City a sanctuary city for LGBTQIA+ individuals.,• Declare New York City a sanctuary city for LGBTQIA+ individuals. • The declaration protects access to care and prohibits cooperation with out-of-state prosecutions. • City resources will not be used to enforce anti-trans laws from other jurisdictions.,"sanctuary city, lgbtqia+, protection, rights, declaration",No updates yet,"""LGBTQIA+ Memo""; ""Promise Tracked""",,2025-05-16,,,Okay,Okay
LGBTQIA+,Establish Office Of LGBTQIA+ Affairs,Mayor's Office,2025-02-03,Not started,No,No specific targets stated,Creates a new Office of LGBTQIA+ Affairs to coordinate citywide services.,"• Establish the Office of LGBTQIA+ Affairs. • The office oversees LGBTQIA+ initiatives across all agencies. • It serves as a central hub for policy, advocacy, and community support.","office of lgbtqia+ affairs, agency creation, queer rights, city hall, coordination",No updates yet,"""LGBTQIA+ Memo""; ""Promise Tracked""",,2025-05-16,,,Okay,Okay
LGBTQIA+,Increase Youth Emergency Beds,DYCD,2025-02-03,Not started,No,200 beds,Increases emergency housing beds for youth ages 21-24 to 200 beds.,• Increase emergency housing beds for youth ages 21-24 to 200 beds. • The expansion addresses homelessness among LGBTQIA+ youth. • Funding covers comprehensive services at housing sites.,"youth homelessness, housing beds, lgbtqia+, dycd, shelter",No updates yet,"""LGBTQIA+ Memo""; ""Promise Tracked""",,2025-05-16,,,Okay,Okay
LGBTQIA+,Establish Trans Workforce Program,Mayor's Office of Workforce Development,2025-02-03,Not started,No,$3 million funding,Creates a Trans Workforce Development Program with $3 million in funding.,• Establish a Trans Workforce Development Program with $3 million in funding. • The program supports job training and placement for trans New Yorkers. • It includes a CUNY scholarship initiative for specific career paths.,"trans workforce, jobs, training, funding, economic opportunity",No updates yet,"""LGBTQIA+ Memo""; ""Promise Tracked""",,2025-05-16,,,Okay,Okay
LGBTQIA+,Increase Trans Equity Fund,Mayor's Office,2025-02-03,Not started,No,$10 million funding,Increases the Trans Equity Initiative Fund to $10 million.,• Increase the Trans Equity Initiative Fund to $10 million. • The fund supports trans-led community organizations. • A new upfront funding model addresses reimbursement delays for small non-profits.,"trans equity fund, funding, grants, community organizations, lgbtqia+,No updates yet",No updates yet,"""LGBTQIA+ Memo""; ""Promise Tracked""",,2025-05-16,,,Okay,Okay
Libraries,Commit Budget To Libraries,OMB,2025-02-03,Not started,No,0.5 percent of budget,Commits 0.5 percent of the total NYC budget to public libraries.,• Commit 0.5 percent of the NYC budget to libraries. • The baseline funding ensures libraries are not subject to annual budget cuts. • Stable funding supports 7-day service and facility maintenance.,"libraries, budget, funding, public services, omb",No updates yet,"""Platform""; ""Promise Tracked""",,2025-05-16,,,,Okay
Revenue,Raise Corporate Tax Rate,Mayor's Office,2025-02-03,Not started,Yes,11.5 percent rate,Advocates to raise the top state corporate tax rate to 11.5 percent.,• Advocate to raise the top state corporate tax rate to 11.5 percent. • The proposal matches New Jersey’s rate to generate $5 billion annually. • Revenue from this tax supports public services and infrastructure.,"corporate tax, revenue, tax policy, albany, budget",No updates yet,"""Revenue Proposal""; ""Promise Tracked""",,2025-05-16,,,,Okay
Revenue,Implement City Millionaire Tax,Mayor's Office,2025-02-03,Not started,Yes,2 percent on over $1M,Advocates for a 2 percent city income tax on incomes over $1 million.,• Advocate for a 2 percent city income tax on incomes over $1 million. • The tax targets the top 1 percent of earners to raise $4 billion annually. • It introduces progressivity into the city's flat income tax structure.,"millionaire tax, income tax, revenue, inequality, budget",No updates yet,"""Revenue Proposal""; ""Promise Tracked""",,2025-05-16,,,,Okay
Revenue,Hire Additional Tax Auditors,Department of Finance,2025-02-03,Not started,No,50 auditors,Hires 50 additional tax auditors to improve revenue collection.,• Hire 50 additional tax auditors. • Increased staffing targets tax evasion and underpayment. • The measure is projected to generate at least $165 million in recovered revenue.,"tax auditors, revenue collection, finance, enforcement, staffing",No updates yet,"""Revenue Proposal""; ""Promise Tracked""",,2025-05-16,,,,Okay
Revenue,Collect Outstanding Fines,Department of Finance,2025-02-03,Not started,No,25 percent annually,Staffs the Department of Finance to collect 25 percent of outstanding fines annually.,"• Staff the Department of Finance to collect 25 percent of outstanding fines annually. • The effort targets $2.1 billion in unpaid fines, including from negligent landlords. • Improved collection aims to bring in $525 million per year.","fine collection, revenue, enforcement, finance, debt",No updates yet,"""Revenue Proposal""; ""Promise Tracked""",,2025-05-16,,,,Okay
Revenue,End University Property Tax Exemptions,Mayor's Office,2025-01-07,Not started,Yes,No specific targets stated,Advocates for legislation to end property tax exemptions for Columbia and NYU.,• Pass legislation to end property tax exemptions for Columbia and NYU. • The proposal removes tax breaks for wealthy private universities. • Taxing these institutions aims to recoup hundreds of millions in lost revenue.,"property tax, universities, columbia, nyu, tax exemption",No updates yet,"""WNYC Interview""; ""Promise Tracked""",,2025-05-16,,,,Okay
Safety,Deploy Subway Outreach Teams,"DCS, MTA",2025-02-03,Not started,No,100 stations,Deploys outreach teams to 100 subway stations to assist those in need.,"• Deploy outreach teams to 100 subway stations. • Teams consist of peers, mental health professionals, and EMTs. • The initiative targets stations with the highest rates of homelessness and incidents.","subway safety, outreach, mental health, homelessness, mta",No updates yet,2025-05-16,,,,,,Okay
Safety,Convert Vacant MTA Space,"DCS, MTA",2025-02-03,Not started,No,No specific targets stated,Transforms vacant commercial space in subway stations into service centers.,• Convert vacant MTA commercial space into service centers. • Spaces will provide medical services and connections to housing for homeless New Yorkers. • The project utilizes existing unused infrastructure to deliver care directly in transit hubs.,"mta, subway services, homelessness, adaptive reuse, mental health",No updates yet,2025-05-16,,,,,,Okay
Safety,Expand Transit Ambassador Program,"MTA, DCS",2025-02-03,Not started,No,No specific targets stated,Increases the number of Transit Ambassadors to assist riders in subway stations.,"• Expand the Transit Ambassador program at subway stations. • Ambassadors provide directions, information, and safety checks for riders. • Increased presence aims to improve customer service and deter disorder.","transit ambassadors, mta, subway safety, customer service, ridership",No updates yet,2025-05-16,,,,,,Okay
Safety,Create Department Of Community Safety,DCS,2025-02-03,Not started,No,No specific targets stated,Establishes a new department to oversee non-police public safety initiatives.,"• Create the Department of Community Safety. • The agency centralizes violence prevention, mental health response, and victim services. • It coordinates a whole-of-government approach to safety beyond policing.","department of community safety, public safety, agency creation, violence prevention, dcs",No updates yet,"""Community Safety Report""; ""Promise Tracked""",,2025-05-16,,,,Okay
Safety,Move B-HEARD To DCS,DCS,2025-02-03,Not started,No,No specific targets stated,Transfers the B-HEARD crisis response program to the Department of Community Safety.,• Move the B-HEARD program under the jurisdiction of the Department of Community Safety. • The transfer aims to better integrate crisis response with other prevention services. • Reforms include adding peer counselors to every response team.,"b-heard, crisis response, mental health, dcs, structural reform",No updates yet,"""Community Safety Report""; ""Promise Tracked""",,2025-05-16,,,,Okay
Safety,Expand B-HEARD Citywide,DCS,2025-02-03,Not started,No,Every neighborhood,Expands B-HEARD mental health teams to cover every neighborhood in the city.,• Expand the B-HEARD program to every neighborhood. • High-need areas will receive two to three dedicated teams. • Expansion represents a 150 percent increase in program funding.,"b-heard, expansion, mental health crisis, citywide coverage, dcs",No updates yet,"""Community Safety Report""; ""Promise Tracked""",,2025-05-16,,,,Okay
Safety,Increase Crisis Management Funding,DCS,2025-02-03,Not started,No,275 percent increase,Increases funding for the Crisis Management System by 275 percent.,• Increase funding for the Crisis Management System by 275 percent. • The boost supports violence interrupters and cure violence programs. • Enhanced funding allows for expansion into more precincts.,"crisis management system, cure violence, gun violence, funding, dcs",No updates yet,"""Community Safety Report""; ""Promise Tracked""",,2025-05-16,,,,Okay
Safety,Increase Hate Violence Prevention Funding,DCS,2025-02-03,Not started,No,$26 million total,Boosts funding for hate violence prevention programs to $26 million.,"• Increase funding for hate violence prevention programs to $26 million. • This represents an 800 percent increase from current levels. • Funds support community-based training, education, and response initiatives.","hate violence, prevention, funding, dcs, budget",No updates yet,"""Community Safety Report""; ""Promise Tracked""",,2025-05-16,,,,Okay
Safety,Reinvigorate Hate Crimes Committee,DCS,2025-02-03,Not started,No,No specific targets stated,Restarts the Interagency Committee on Hate Crimes to coordinate city efforts.,• Reinvigorate the Interagency Committee on Hate Crimes. • The committee coordinates actions across agencies to address bias incidents. • Revitalization includes rebuilding the Community Advisory and Services Team.,"hate crimes, interagency committee, coordination, safety, dcs",No updates yet,"""Community Safety Report""; ""Promise Tracked""",,2025-05-16,,,,Okay
Safety,Double Safe Horizon Funding,DCS,2025-02-03,Not started,No,Double funding,Doubles funding for Safe Horizon to support crime victims.,• Double funding for Safe Horizon and connect it to the Crisis Management System. • Increased resources ensure victims of crime receive counseling and support. • Integration with CMS improves coordination for gun violence survivors.,"safe horizon, victim services, funding, dcs, support",No updates yet,"""Community Safety Report""; ""Promise Tracked""",,2025-05-16,,,,Okay
Small Business,Reduce Small Business Fines,Mayor's Office,2025-02-03,Not started,No,50 percent reduction,Cuts fines and fees for small businesses by 50 percent.,• Reduce small business fines and fees by 50 percent. • The reduction focuses on initial operational costs and minor infractions. • The policy aims to lower barriers to entry for local entrepreneurs.,"small business, fines, fees, bureaucracy, mom and pop",No updates yet,"""Small Business Memo""; ""Promise Tracked""",,2025-05-16,,,,Okay
Small Business,Appoint Mom & Pops Czar,Mayor's Office,2025-02-03,Not started,No,No specific targets stated,Appoints a dedicated official to cut red tape for small businesses.,"• Appoint a ""Mom & Pops Czar"" reporting directly to the Mayor. • The official coordinates across agencies to streamline permitting and regulations. • The role acts as a direct advocate for small business needs within City Hall.","mom and pop czar, small business, bureaucracy, city hall, appointments",No updates yet,"""Small Business Memo""; ""Promise Tracked""",,2025-05-16,,,,Okay
Small Business,Increase BEST Funding,SBS,2025-02-03,Not started,No,$25 million annually,Increases funding for Business Express Service Teams to $25 million annually.,• Increase funding for the Business Express Service Teams (BEST) to $25 million annually. • The investment represents a 500 percent increase for one-on-one business support. • Enhanced funding expands outreach and case management for business owners.,"best, small business services, funding, support, sbs",No updates yet,"""Small Business Memo""; ""Promise Tracked""",,2025-05-16,,,,Okay
Transportation,Eliminate Bus Fares,Metropolitan Transportation Authority,2025-01-07,Not started,Yes,Permanent free fares,Permanently eliminates fares on all New York City buses.,"• Mayor Zohran Mamdani, during the campaign, said he would work to make all New York City buses fare-free.

• The proposal builds on an MTA pilot that made five bus routes fare-free, with one route in each borough.

• Mamdani cited an estimated annual cost of about $800 million and said the policy would be funded as part of his broader agenda to raise revenue through increased corporate taxation.","free bus, mta, public transit, transportation equity, bus fares",No updates yet,2025-05-16,,,,Okay,,Okay
Transportation,Expand Priority Bus Lanes to Speed Up Buses,DOT,2025-01-07,Not started,No,No specific targets stated,Accelerates the construction of priority bus lanes and loading zones.,"• The city will rapidly build priority bus lanes, expand bus queue jump signals, and add dedicated loading zones on city streets.

• The infrastructure changes are intended to improve bus reliability by giving buses priority in traffic.

• Dedicated loading zones are included to reduce double-parking that can block bus lanes and slow service.","bus lanes, dot, transit speed, infrastructure, loading zones",No updates yet,2025-05-16,,,,Okay,,Okay
Transportation,Expand E-Bike Programs,DOT,2025-01-07,Not started,No,No specific targets stated,"Expands DOT programs for e-bike charging, trade-ins, and safety education.",• Expand Department of Transportation e-bike programs (charging/buybacks). • The initiative includes public battery-swapping cabinets and trade-in events for unsafe batteries. • Programs support the safety of delivery workers and reduce fire risks.,"e-bikes, dot, battery safety, delivery workers, mic",No updates yet,"""Delivery Apps Memo""; ""Promise Tracked""",,2025-05-16,,,,Okay
Transportation,Invest In Deliverista Hubs,DOT,2025-01-07,Not started,No,No specific targets stated,Builds street hubs for delivery workers with bathrooms and charging stations.,• Invest in Street Deliverista Hubs with bathroom access and charging stations. • Hubs provide essential shelter and utilities for app-based delivery workers. • The city will convert existing facilities to serve as these rest stops.,"deliveristas, hubs, worker safety, dot, infrastructure",No updates yet,"""Delivery Apps Memo""; ""Promise Tracked""",,2025-05-16,,,,Okay